id,name,email,gender,grade
1,Rey Joscelyn,rjoscelyn0@51.la,Male,3.9
2,Randal McAw,rmcaw1@blogtalkradio.com,Male,8.4
3,Tessi Moxley,tmoxley2@merriam-webster.com,Female,5.3
4,Meggi Dumingos,mdumingos3@elegantthemes.com,Female,2.4
5,Travus Greves,tgreves4@jalbum.net,Male,7.4
6,Vinnie Janjusevic,vjanjusevic5@arizona.edu,Male,6.7
7,Emelia Neilands,eneilands6@buzzfeed.com,Female,6.5
8,Torrey Urch,turch7@plala.or.jp,Male,3.0
9,Morgana Kundt,mkundt8@columbia.edu,Female,4.2
10,Carrissa Klesse,cklesse9@alexa.com,Female,6.0
11,Anthe Dowzell,adowzella@pinterest.com,Female,1.8
12,Marj Bloodworth,mbloodworthb@timesonline.co.uk,Female,8.9
13,Roanne Mahony,rmahonyc@soup.io,Polygender,5.4
14,Bailie Strangward,bstrangwardd@digg.com,Male,1.5
15,Emanuele Sivier,esiviere@telegraph.co.uk,Male,6.6
16,Frieda Stephen,fstephenf@parallels.com,Female,7.2
17,Arlana Petz,apetzg@delicious.com,Female,5.1
18,Jake Dunnan,jdunnanh@flickr.com,Male,5.2
19,Jeanna Blackham,jblackhami@smugmug.com,Female,5.9
20,Sherri Crichmere,scrichmerej@wikimedia.org,Female,6.3
21,Danna Jacquemot,djacquemotk@wiley.com,Female,5.4
22,Shep Tebbe,stebbel@delicious.com,Male,4.7
23,Dinnie Haseman,dhasemanm@indiegogo.com,Female,8.1
24,Angelico Eckert,aeckertn@kickstarter.com,Male,6.8
25,Dene Davidovich,ddavidovicho@imageshack.us,Male,8.1
26,Jedediah Jeannequin,jjeannequinp@dedecms.com,Male,2.7
27,Baldwin Chasemore,bchasemoreq@cnet.com,Male,9.5
28,Damaris Harbour,dharbourr@whitehouse.gov,Female,8.4
29,Benjie McCaskill,bmccaskills@webnode.com,Male,3.4
30,Gayle Scholar,gscholart@soundcloud.com,Bigender,1.4
31,Frans Jorio,fjoriou@un.org,Male,3.5
32,Ada Heliot,aheliotv@xing.com,Female,6.4
33,Lawry Cortes,lcortesw@sun.com,Male,7.4
34,Hertha Feige,hfeigex@yahoo.com,Non-binary,4.2
35,Denys Jewise,djewisey@posterous.com,Male,5.1
36,Nikolaus Itzakson,nitzaksonz@technorati.com,Male,6.4
37,Rozelle Disbury,rdisbury10@washington.edu,Female,4.5
38,Janella Glencrash,jglencrash11@dot.gov,Female,8.7
39,Giacobo Bazek,gbazek12@jalbum.net,Male,3.5
40,Tracee Titcombe,ttitcombe13@icio.us,Female,5.2
41,Carolin Manketell,cmanketell14@netvibes.com,Female,1.3
42,Elysee Mylan,emylan15@vimeo.com,Female,5.7
43,Rakel O'Sirin,rosirin16@soup.io,Female,9.8
44,Eldredge Sidwell,esidwell17@imageshack.us,Male,4.2
45,Darla Shaw,dshaw18@vistaprint.com,Non-binary,7.0
46,Othilia Bushill,obushill19@studiopress.com,Non-binary,6.5
47,Chloris Borsi,cborsi1a@mediafire.com,Female,9.2
48,Freddie Childs,fchilds1b@gizmodo.com,Male,8.8
49,Darlleen Wasselin,dwasselin1c@uol.com.br,Female,5.0
50,Juli Kleynermans,jkleynermans1d@yahoo.com,Female,2.3
51,Paquito Bunt,pbunt1e@tripadvisor.com,Male,1.7
52,Martin Bend,mbend1f@harvard.edu,Male,4.3
53,Chevy Gorner,cgorner1g@booking.com,Male,9.3
54,Camile Peacey,cpeacey1h@nature.com,Female,2.3
55,Kinsley Abrahamsen,kabrahamsen1i@live.com,Male,9.7
56,Mollee Haistwell,mhaistwell1j@qq.com,Female,6.6
57,Dreddy Britee,dbritee1k@java.com,Non-binary,9.0
58,Jordon Eisikowitch,jeisikowitch1l@sciencedirect.com,Male,5.2
59,Willyt Lowthian,wlowthian1m@comsenz.com,Female,9.2
60,Ezechiel Eames,eeames1n@simplemachines.org,Male,9.6
61,Letty Faragan,lfaragan1o@google.ru,Female,5.9
62,Jeffry Bellows,jbellows1p@nifty.com,Male,3.9
63,Faber Novacek,fnovacek1q@oaic.gov.au,Male,5.6
64,Arvin Eads,aeads1r@engadget.com,Male,5.4
65,Wenona Pesselt,wpesselt1s@umich.edu,Female,4.8
66,Ricky Blague,rblague1t@state.gov,Male,5.5
67,Winnie Bleazard,wbleazard1u@fema.gov,Male,7.3
68,Chauncey Gallacher,cgallacher1v@nyu.edu,Male,2.7
69,Martie Reaney,mreaney1w@list-manage.com,Female,3.9
70,Olivie Ketch,oketch1x@hostgator.com,Female,6.0
71,Florri Simko,fsimko1y@loc.gov,Female,6.9
72,Blakelee McIan,bmcian1z@howstuffworks.com,Female,9.7
73,Neils Petrashkov,npetrashkov20@google.it,Male,6.5
74,Lovell Piquard,lpiquard21@theguardian.com,Male,5.2
75,Reggis MacGuiness,rmacguiness22@booking.com,Male,1.9
76,Ike Blown,iblown23@businessinsider.com,Agender,2.5
77,Leroi Berndtsson,lberndtsson24@bloglines.com,Male,8.1
78,Jolee Wrench,jwrench25@statcounter.com,Female,9.0
79,Archie Seager,aseager26@mozilla.org,Male,5.5
80,Frasco O'Dogherty,fodogherty27@instagram.com,Male,9.5
81,Wildon Quant,wquant28@buzzfeed.com,Male,5.9
82,Pamela Delap,pdelap29@fotki.com,Female,2.3
83,Aileen Ladd,aladd2a@go.com,Female,3.9
84,Gerry Josefowicz,gjosefowicz2b@ucoz.com,Male,5.3
85,Welby Eckhard,weckhard2c@slideshare.net,Male,4.8
86,Vanya Harpham,vharpham2d@comsenz.com,Male,2.7
87,Fifine Toward,ftoward2e@51.la,Female,1.2
88,Nadia Chidgey,nchidgey2f@360.cn,Female,9.3
89,Marielle Papachristophorou,mpapachristophorou2g@themeforest.net,Non-binary,5.9
90,Kesley Spraggs,kspraggs2h@si.edu,Female,9.5
91,Durand Idle,didle2i@blogger.com,Male,6.6
92,Marv Gair,mgair2j@yelp.com,Male,9.3
93,Frannie Epilet,fepilet2k@tinypic.com,Male,6.7
94,Donaugh Inglesent,dinglesent2l@state.tx.us,Male,8.3
95,Joby McCaghan,jmccaghan2m@virginia.edu,Female,9.2
96,Jolee Stouther,jstouther2n@free.fr,Female,5.3
97,Linet Alessandrucci,lalessandrucci2o@over-blog.com,Female,3.3
98,Viv Cowans,vcowans2p@technorati.com,Female,6.2
99,Finn Brockington,fbrockington2q@youku.com,Male,6.8
100,Reamonn Johnikin,rjohnikin2r@nps.gov,Male,1.7
101,Mauricio Cherrett,mcherrett2s@gmpg.org,Polygender,7.6
102,Denny Vokes,dvokes2t@accuweather.com,Female,7.1
103,Flin de Quincey,fde2u@newyorker.com,Male,9.2
104,Nero Le Page,nle2v@google.ru,Male,1.6
105,Arabella Navarre,anavarre2w@wordpress.com,Female,8.2
106,Courtnay Muckle,cmuckle2x@twitpic.com,Female,7.5
107,Luigi Snowling,lsnowling2y@indiegogo.com,Male,6.5
108,Costanza Garman,cgarman2z@earthlink.net,Female,1.4
109,Lek Littlepage,llittlepage30@utexas.edu,Male,6.9
110,Thorny Sanbrook,tsanbrook31@smugmug.com,Male,4.8
111,Greer MacMichael,gmacmichael32@home.pl,Female,4.2
112,Brena Wafer,bwafer33@slideshare.net,Female,2.8
113,Seth Kimbrough,skimbrough34@theguardian.com,Male,7.1
114,Johna Bazylets,jbazylets35@google.it,Female,1.3
115,Quinton Dredge,qdredge36@icio.us,Bigender,6.5
116,Dianemarie Bruggen,dbruggen37@usgs.gov,Female,5.6
117,Ermin Sumers,esumers38@cbsnews.com,Male,5.0
118,Leonid Galpen,lgalpen39@github.io,Male,1.4
119,Bruno Bawdon,bbawdon3a@meetup.com,Male,4.0
120,Basil Lytlle,blytlle3b@about.me,Male,6.2
121,Kane Bruggen,kbruggen3c@blogger.com,Male,5.3
122,Aldo Mallion,amallion3d@adobe.com,Male,5.4
123,Arda Foldes,afoldes3e@narod.ru,Female,5.8
124,Cacilia Levin,clevin3f@state.gov,Female,6.9
125,Stanislaw Ravenhills,sravenhills3g@abc.net.au,Male,8.5
126,Victor Tregear,vtregear3h@devhub.com,Male,4.8
127,Virgie Keep,vkeep3i@berkeley.edu,Male,6.9
128,Brockie Fleisch,bfleisch3j@soundcloud.com,Male,7.6
129,Joane Joskowitz,jjoskowitz3k@geocities.com,Female,2.9
130,Griz Gatty,ggatty3l@ocn.ne.jp,Male,1.5
131,Kare Pavkovic,kpavkovic3m@home.pl,Female,9.4
132,Cchaddie Corah,ccorah3n@blinklist.com,Genderfluid,2.4
133,Benjamin McCrae,bmccrae3o@ox.ac.uk,Male,8.9
134,Aldon Kingstne,akingstne3p@ox.ac.uk,Male,9.3
135,Lorelle McPeeters,lmcpeeters3q@hao123.com,Female,8.1
136,Morry Russi,mrussi3r@mediafire.com,Male,7.5
137,Linnell Bassilashvili,lbassilashvili3s@deliciousdays.com,Female,8.2
138,Brok Sturridge,bsturridge3t@upenn.edu,Male,7.4
139,Lotta Milliken,lmilliken3u@jalbum.net,Female,1.1
140,Reed Witling,rwitling3v@netscape.com,Male,7.6
141,Robyn Adshede,radshede3w@jalbum.net,Female,3.6
142,Alikee Clausen,aclausen3x@tripadvisor.com,Female,9.7
143,Ettie Worrall,eworrall3y@narod.ru,Female,8.7
144,Betteanne Cardenoso,bcardenoso3z@netscape.com,Female,8.5
145,Godard Wicher,gwicher40@artisteer.com,Male,6.5
146,Janenna McWhorter,jmcwhorter41@blogs.com,Female,1.7
147,Malory Waith,mwaith42@ihg.com,Female,4.0
148,Rayna Prangle,rprangle43@usatoday.com,Female,3.4
149,Josey Keighley,jkeighley44@vk.com,Female,1.0
150,Perceval Langman,plangman45@sun.com,Male,5.4
151,Ewen Rennicks,erennicks46@wix.com,Male,2.3
152,Minne Southcombe,msouthcombe47@si.edu,Female,5.2
153,Elfrida Ridings,eridings48@printfriendly.com,Female,5.7
154,Francesco Sommerling,fsommerling49@adobe.com,Male,3.4
155,Noby Prys,nprys4a@europa.eu,Male,5.7
156,Feliza Dacres,fdacres4b@marriott.com,Female,1.6
157,Gerrard Winfindale,gwinfindale4c@rakuten.co.jp,Male,2.0
158,Nicole Dyos,ndyos4d@jigsy.com,Female,8.3
159,Jamaal Minghetti,jminghetti4e@boston.com,Male,6.4
160,Gladys Asker,gasker4f@list-manage.com,Female,4.8
161,Michele Spillett,mspillett4g@thetimes.co.uk,Male,9.7
162,Jeffy Crisell,jcrisell4h@rambler.ru,Male,3.0
163,Christen Tubb,ctubb4i@123-reg.co.uk,Female,8.2
164,Filip Brettor,fbrettor4j@rakuten.co.jp,Male,6.5
165,Lorie Rowan,lrowan4k@nih.gov,Female,4.6
166,Abdul Pilkinton,apilkinton4l@hatena.ne.jp,Male,9.3
167,Blair Jankiewicz,bjankiewicz4m@samsung.com,Non-binary,6.2
168,Lulita Stodit,lstodit4n@ihg.com,Female,3.3
169,Vale Sumpner,vsumpner4o@nationalgeographic.com,Genderfluid,5.5
170,Sigrid Aidler,saidler4p@goo.gl,Female,2.4
171,Amery McAneny,amcaneny4q@hc360.com,Male,5.5
172,Fanny Ferrarese,fferrarese4r@archive.org,Female,3.9
173,Bertram Tumbridge,btumbridge4s@cafepress.com,Genderfluid,1.0
174,Benedetto Brook,bbrook4t@hostgator.com,Male,4.9
175,Gracie Kellington,gkellington4u@jiathis.com,Female,8.8
176,Eduino Mettrick,emettrick4v@yolasite.com,Male,9.5
177,Sigismond Obington,sobington4w@studiopress.com,Male,1.5
178,Catarina Deniseau,cdeniseau4x@statcounter.com,Genderqueer,9.8
179,Stepha O'Corren,socorren4y@sciencedaily.com,Female,6.8
180,Darb Isselee,disselee4z@netlog.com,Male,6.3
181,Hiram Jowling,hjowling50@vistaprint.com,Male,7.6
182,Faydra Sircomb,fsircomb51@miitbeian.gov.cn,Female,4.8
183,Elane Braywood,ebraywood52@techcrunch.com,Female,9.3
184,Claresta Josilowski,cjosilowski53@unc.edu,Female,3.3
185,Gianna Ealam,gealam54@woothemes.com,Female,7.3
186,Tome Goldsmith,tgoldsmith55@feedburner.com,Male,5.6
187,Libbey Woltman,lwoltman56@ovh.net,Female,8.1
188,Adlai Blann,ablann57@livejournal.com,Male,2.0
189,Colver Mousby,cmousby58@cbc.ca,Male,4.6
190,Dalila Couper,dcouper59@amazon.de,Female,4.8
191,Sheridan Blanning,sblanning5a@altervista.org,Male,8.6
192,Forbes Louys,flouys5b@over-blog.com,Male,6.7
193,Tessa Burnsyde,tburnsyde5c@ovh.net,Female,7.1
194,Loutitia Rubbens,lrubbens5d@desdev.cn,Female,5.9
195,Pall Gilogly,pgilogly5e@live.com,Genderfluid,3.4
196,Evania Parslow,eparslow5f@altervista.org,Female,5.6
197,Haily Seabert,hseabert5g@dedecms.com,Female,2.0
198,Tammie Isaac,tisaac5h@jalbum.net,Male,8.7
199,Olwen Castanares,ocastanares5i@sina.com.cn,Female,3.8
200,Fredelia Driver,fdriver5j@usgs.gov,Female,2.9
201,Raynell Dottridge,rdottridge5k@hostgator.com,Female,7.4
202,Arley Collecott,acollecott5l@bravesites.com,Male,7.4
203,Julio Mabb,jmabb5m@printfriendly.com,Male,4.3
204,Pepi Dymocke,pdymocke5n@ucla.edu,Female,5.4
205,Monica Ead,mead5o@businessweek.com,Female,9.0
206,Harris Chaperling,hchaperling5p@so-net.ne.jp,Male,4.3
207,Morly Winsome,mwinsome5q@jigsy.com,Male,9.5
208,Drucie Pillman,dpillman5r@npr.org,Female,9.9
209,Ibrahim Demangel,idemangel5s@craigslist.org,Male,5.4
210,Zacharias Gonet,zgonet5t@epa.gov,Male,5.2
211,Mendy Lilburn,mlilburn5u@dion.ne.jp,Male,2.7
212,Maurizia Sasser,msasser5v@hatena.ne.jp,Female,5.7
213,Rudie Delea,rdelea5w@paginegialle.it,Male,8.0
214,Vernor Pinckney,vpinckney5x@si.edu,Male,7.3
215,Isac Rizon,irizon5y@indiegogo.com,Male,7.6
216,Dannye Stanislaw,dstanislaw5z@163.com,Female,9.2
217,Rollo Phelps,rphelps60@cocolog-nifty.com,Male,4.0
218,Gaelan Milmo,gmilmo61@time.com,Male,10.0
219,Gustavus Hanlin,ghanlin62@abc.net.au,Male,5.2
220,Hanson Moyler,hmoyler63@house.gov,Genderfluid,6.6
221,Chick Seed,cseed64@chron.com,Male,6.6
222,Duke Yancey,dyancey65@nih.gov,Male,8.6
223,Willetta Toffoletto,wtoffoletto66@shop-pro.jp,Female,1.2
224,Katerine Tong,ktong67@mayoclinic.com,Female,9.1
225,Angelita Flory,aflory68@pen.io,Genderqueer,9.9
226,Chrissie Choudhury,cchoudhury69@reuters.com,Male,3.5
227,Pace Fownes,pfownes6a@live.com,Male,5.8
228,Leonid Gashion,lgashion6b@istockphoto.com,Male,5.3
229,Darsie Boardman,dboardman6c@wufoo.com,Female,4.4
230,Lucine Osgood,losgood6d@ning.com,Non-binary,2.1
231,Adriano Cleverley,acleverley6e@chronoengine.com,Male,4.5
232,Corabella Ferber,cferber6f@google.fr,Female,5.8
233,Khalil Ernke,kernke6g@google.co.jp,Male,3.7
234,Leanna Romeuf,lromeuf6h@i2i.jp,Female,8.7
235,Lesya Anglish,langlish6i@hubpages.com,Female,3.3
236,Sigismond Ishak,sishak6j@cmu.edu,Male,9.3
237,Humphrey Messum,hmessum6k@msn.com,Male,1.6
238,Cory Odo,codo6l@cbsnews.com,Female,9.0
239,Jaquith Cock,jcock6m@biblegateway.com,Female,4.4
240,Niki Champkin,nchampkin6n@newsvine.com,Female,7.1
241,Dick Gallemore,dgallemore6o@nih.gov,Bigender,1.8
242,Theo Ranscomb,transcomb6p@paypal.com,Male,7.6
243,Leontine Erat,lerat6q@fastcompany.com,Female,7.8
244,Pauline Rebanks,prebanks6r@usnews.com,Female,7.7
245,Reynard Lomis,rlomis6s@ted.com,Male,6.0
246,Manolo Urion,murion6t@lulu.com,Male,5.0
247,Kanya Lys,klys6u@surveymonkey.com,Female,8.9
248,Grady Crockatt,gcrockatt6v@indiegogo.com,Polygender,3.0
249,Isidoro Breeds,ibreeds6w@yandex.ru,Male,9.4
250,Xenos Daugherty,xdaugherty6x@amazon.com,Male,1.4
251,Cristy Sheach,csheach6y@csmonitor.com,Female,4.0
252,Ara Rosa,arosa6z@newyorker.com,Male,4.3
253,Arman Clement,aclement70@hexun.com,Male,6.1
254,Natka McMenemy,nmcmenemy71@4shared.com,Female,8.4
255,Alfreda Lansdowne,alansdowne72@techcrunch.com,Female,4.7
256,Mose Raff,mraff73@about.me,Male,2.4
257,Olvan Daily,odaily74@blinklist.com,Male,7.7
258,Raffaello Luebbert,rluebbert75@blogspot.com,Male,5.4
259,Toni Robbe,trobbe76@google.pl,Female,9.3
260,Gage Behrend,gbehrend77@nps.gov,Bigender,6.3
261,Jeanna Phlipon,jphlipon78@bing.com,Non-binary,3.3
262,Stephani Kemmons,skemmons79@cnet.com,Female,9.1
263,Alain Caswill,acaswill7a@soundcloud.com,Male,1.7
264,Dame Gravy,dgravy7b@purevolume.com,Male,9.9
265,Tobit Emby,temby7c@seesaa.net,Male,1.7
266,Gage Costelloe,gcostelloe7d@nps.gov,Male,8.8
267,Vivi Locard,vlocard7e@earthlink.net,Female,5.7
268,Joan Brewster,jbrewster7f@dell.com,Female,2.3
269,Aron Digger,adigger7g@mediafire.com,Male,8.0
270,Joelie Hovert,jhovert7h@clickbank.net,Female,8.5
271,Trescha Borlease,tborlease7i@youku.com,Female,7.2
272,Thain Celez,tcelez7j@admin.ch,Male,6.6
273,Nisse Riveles,nriveles7k@hud.gov,Female,8.4
274,Ernaline Jacobsson,ejacobsson7l@pcworld.com,Female,3.9
275,Mitchel Kiffin,mkiffin7m@squarespace.com,Male,1.8
276,Guy Agass,gagass7n@statcounter.com,Male,2.4
277,Cyndy Brindley,cbrindley7o@jimdo.com,Female,7.7
278,Cheryl Stote,cstote7p@multiply.com,Female,8.2
279,Dukie Gudge,dgudge7q@desdev.cn,Male,6.0
280,Hakim Reichardt,hreichardt7r@guardian.co.uk,Polygender,7.8
281,Sigmund Gunthorp,sgunthorp7s@hibu.com,Male,7.5
282,Wilona Schubuser,wschubuser7t@vkontakte.ru,Female,2.1
283,Rahal Hadlington,rhadlington7u@digg.com,Bigender,1.1
284,Zorana Nacci,znacci7v@shinystat.com,Female,5.4
285,Emlynn Mapes,emapes7w@comsenz.com,Female,9.7
286,Thorny Edis,tedis7x@smugmug.com,Male,7.0
287,Doy Jonathon,djonathon7y@twitpic.com,Male,4.8
288,Virgie Gullen,vgullen7z@behance.net,Female,1.4
289,Verene Maro,vmaro80@indiegogo.com,Female,6.8
290,Scot Blunsum,sblunsum81@house.gov,Male,8.8
291,Allsun Sweedy,asweedy82@devhub.com,Female,7.8
292,Adelle Parsisson,aparsisson83@jimdo.com,Female,9.9
293,Nataniel Minors,nminors84@ucoz.com,Male,5.1
294,Benedikta Moiser,bmoiser85@examiner.com,Female,9.2
295,Charyl Abrahamoff,cabrahamoff86@archive.org,Female,7.6
296,Adolf Debling,adebling87@jigsy.com,Bigender,4.2
297,Ailyn Cohrs,acohrs88@about.me,Female,3.0
298,Irv Trownson,itrownson89@nydailynews.com,Male,2.0
299,Shelby Offell,soffell8a@aol.com,Polygender,2.6
300,Truman De Winton,tde8b@google.com.au,Male,9.1
301,Hartwell Haughey,hhaughey8c@shop-pro.jp,Male,4.0
302,Noel Allaway,nallaway8d@wunderground.com,Female,5.3
303,Berta Terrelly,bterrelly8e@digg.com,Female,2.4
304,Janek Lafranconi,jlafranconi8f@cyberchimps.com,Male,6.5
305,Cynthie Tellwright,ctellwright8g@xrea.com,Female,9.5
306,Bert Novkovic,bnovkovic8h@theglobeandmail.com,Female,2.5
307,Addy Scollard,ascollard8i@netvibes.com,Male,1.6
308,Colby Marvell,cmarvell8j@accuweather.com,Male,9.1
309,Selena Maffei,smaffei8k@weibo.com,Female,6.4
310,Anthony De Santos,ade8l@xing.com,Male,4.0
311,Trstram Sawl,tsawl8m@storify.com,Male,8.8
312,Dyann Busch,dbusch8n@samsung.com,Genderqueer,8.6
313,Aurora Thame,athame8o@ucoz.com,Genderqueer,5.8
314,Frank Aggs,faggs8p@mapy.cz,Male,6.3
315,Ruddy Grigoryev,rgrigoryev8q@ucla.edu,Male,6.7
316,Devin Faraday,dfaraday8r@fc2.com,Female,4.0
317,Therese Trineman,ttrineman8s@purevolume.com,Female,7.3
318,Wilhelmine Trethowan,wtrethowan8t@mozilla.com,Female,5.5
319,Stacie Rusling,srusling8u@goodreads.com,Female,9.0
320,Rafferty Kinker,rkinker8v@nhs.uk,Male,7.2
321,Cathrin Shafto,cshafto8w@google.co.jp,Female,8.7
322,Pansy Rains,prains8x@ow.ly,Female,2.5
323,Dorene Allibon,dallibon8y@bandcamp.com,Female,2.0
324,Marga Risborough,mrisborough8z@friendfeed.com,Non-binary,9.5
325,Vern Ivins,vivins90@nbcnews.com,Male,5.5
326,Wade Oakeby,woakeby91@telegraph.co.uk,Male,4.3
327,Stephenie Ditts,sditts92@mozilla.org,Female,4.7
328,Ulrika Mather,umather93@buzzfeed.com,Female,4.8
329,Buck Mettrick,bmettrick94@usnews.com,Male,7.7
330,Tye Borris,tborris95@redcross.org,Male,1.2
331,Ranna Doughartie,rdoughartie96@moonfruit.com,Agender,3.9
332,Olvan Reinger,oreinger97@digg.com,Male,9.5
333,Prue Tither,ptither98@tripadvisor.com,Female,4.3
334,Melody Penburton,mpenburton99@wikispaces.com,Female,3.1
335,Woodie Fairest,wfairest9a@adobe.com,Male,6.5
336,Brandtr Nockells,bnockells9b@upenn.edu,Male,8.5
337,Janeva Johnys,jjohnys9c@abc.net.au,Female,8.0
338,Adaline Rayne,arayne9d@mtv.com,Genderfluid,4.1
339,Kenton Timeby,ktimeby9e@opensource.org,Male,6.1
340,Leonelle Cristou,lcristou9f@domainmarket.com,Female,9.0
341,Bella Genever,bgenever9g@t.co,Female,8.5
342,Audra Bowie,abowie9h@va.gov,Female,1.9
343,Lavinia Hinsch,lhinsch9i@networksolutions.com,Female,9.0
344,Lilah Cooney,lcooney9j@biblegateway.com,Female,9.2
345,Jacintha Peddie,jpeddie9k@nature.com,Female,7.5
346,Eldredge Blanchette,eblanchette9l@miitbeian.gov.cn,Male,1.8
347,Joana Hassen,jhassen9m@cornell.edu,Female,5.6
348,Simonette Canland,scanland9n@ucsd.edu,Female,8.1
349,Andie Brimacombe,abrimacombe9o@epa.gov,Female,7.1
350,Kara-lynn Pick,kpick9p@twitter.com,Female,6.8
351,Bonnie Cantero,bcantero9q@feedburner.com,Female,1.2
352,Damon Revie,drevie9r@fc2.com,Bigender,6.9
353,Melisande Harlin,mharlin9s@paypal.com,Female,4.3
354,Isobel Rendell,irendell9t@eepurl.com,Female,7.5
355,Cathy Stollberger,cstollberger9u@uiuc.edu,Female,2.3
356,Cammy Gronav,cgronav9v@mapy.cz,Male,5.1
357,Farrell Stiling,fstiling9w@gov.uk,Male,7.0
358,Ibrahim Wannes,iwannes9x@edublogs.org,Male,1.1
359,Blondy Zouch,bzouch9y@youtu.be,Female,2.9
360,Dolley Sirmon,dsirmon9z@vk.com,Female,3.0
361,Dulcine Nind,dninda0@pinterest.com,Female,8.4
362,Joceline Grece,jgrecea1@skype.com,Female,1.4
363,Annadiane Luxton,aluxtona2@statcounter.com,Genderqueer,8.4
364,Dieter Galland,dgallanda3@simplemachines.org,Non-binary,4.6
365,Leicester Clancy,lclancya4@seattletimes.com,Male,7.7
366,Shayna Chudleigh,schudleigha5@amazon.de,Female,2.9
367,Corabel Taverner,ctavernera6@tuttocitta.it,Female,8.0
368,Abdul Friar,afriara7@si.edu,Male,5.6
369,Felicle Beades,fbeadesa8@miibeian.gov.cn,Female,2.1
370,Waneta Le Conte,wlea9@dmoz.org,Female,9.6
371,Erv Paige,epaigeaa@purevolume.com,Male,2.4
372,Ludwig Wines,lwinesab@chicagotribune.com,Male,7.3
373,Helenelizabeth Andress,handressac@smh.com.au,Female,6.5
374,Lynn Laxe,llaxead@msu.edu,Female,6.6
375,Clive Vasilchenko,cvasilchenkoae@dion.ne.jp,Male,5.0
376,Leonardo Thornewill,lthornewillaf@naver.com,Male,4.1
377,Aland Charter,acharterag@utexas.edu,Male,7.3
378,Adolphe Gauthorpp,agauthorppah@123-reg.co.uk,Male,6.6
379,Lynelle McGuffog,lmcguffogai@paypal.com,Female,4.9
380,Archy Prebble,aprebbleaj@reverbnation.com,Male,1.8
381,Geoffry Decker,gdeckerak@deviantart.com,Male,9.9
382,Marylee Richie,mrichieal@fc2.com,Female,1.5
383,Arny Forker,aforkeram@google.fr,Male,1.3
384,Gisela Tambling,gtamblingan@cdbaby.com,Female,1.7
385,Lorens Hunstone,lhunstoneao@storify.com,Male,7.2
386,Joyan Ellerbeck,jellerbeckap@ustream.tv,Female,3.3
387,Alexine Frederick,afrederickaq@disqus.com,Female,8.4
388,Sonni MacGuigan,smacguiganar@cbslocal.com,Female,3.0
389,Bent Meaney,bmeaneyas@businesswire.com,Bigender,4.2
390,Elsworth Chessell,echessellat@mysql.com,Male,6.3
391,Bunni Wheeler,bwheelerau@addthis.com,Female,3.4
392,Stanton Breckwell,sbreckwellav@blogger.com,Male,2.9
393,Luciano Daintier,ldaintieraw@hexun.com,Male,6.3
394,Rudd Domini,rdominiax@hp.com,Male,4.0
395,Birdie O'Brogan,bobroganay@infoseek.co.jp,Female,2.7
396,Kordula Hourihane,khourihaneaz@wp.com,Female,6.5
397,Zia Dacres,zdacresb0@etsy.com,Female,4.8
398,Nicholle Henricsson,nhenricssonb1@livejournal.com,Genderqueer,5.3
399,Igor Aguirrezabal,iaguirrezabalb2@google.com.hk,Male,9.4
400,Carmen Cord,ccordb3@dedecms.com,Polygender,4.9
401,Glenda Fricker,gfrickerb4@china.com.cn,Female,6.2
402,Vinnie Shelford,vshelfordb5@loc.gov,Female,5.0
403,Maria Syddie,msyddieb6@desdev.cn,Polygender,8.8
404,Joete Dockrill,jdockrillb7@icio.us,Female,6.6
405,Garvin Fried,gfriedb8@blogspot.com,Male,5.9
406,Oran Ormerod,oormerodb9@intel.com,Male,9.1
407,Shea Heskey,sheskeyba@desdev.cn,Male,7.2
408,Carmelia Fernehough,cfernehoughbb@geocities.com,Female,9.2
409,Evangelin Broschke,ebroschkebc@phoca.cz,Female,9.2
410,Kim Bacher,kbacherbd@bing.com,Male,5.0
411,Fitz Chalcot,fchalcotbe@odnoklassniki.ru,Male,1.5
412,Luciano Anthill,lanthillbf@nydailynews.com,Male,8.5
413,Xaviera Savery,xsaverybg@comcast.net,Female,6.3
414,Roddie Janous,rjanousbh@icq.com,Male,8.7
415,Waldo Zammitt,wzammittbi@opensource.org,Male,4.5
416,Anabel Balwin,abalwinbj@alibaba.com,Female,10.0
417,Mathe Arington,maringtonbk@globo.com,Male,5.9
418,Alejandrina Dawidowicz,adawidowiczbl@etsy.com,Female,3.4
419,Oralle Nott,onottbm@theglobeandmail.com,Female,4.9
420,Pryce Caesmans,pcaesmansbn@addtoany.com,Male,1.5
421,Kara-lynn Stobbes,kstobbesbo@addtoany.com,Female,2.2
422,Casar Smart,csmartbp@macromedia.com,Male,8.7
423,Eunice Gaye,egayebq@exblog.jp,Female,3.8
424,Byron Folca,bfolcabr@fema.gov,Male,5.3
425,Beauregard Wick,bwickbs@tinypic.com,Male,4.1
426,Ivan Gianni,igiannibt@geocities.jp,Male,2.5
427,Granville Emeline,gemelinebu@columbia.edu,Male,1.1
428,Barby Sterling,bsterlingbv@omniture.com,Female,4.5
429,Richart Coddington,rcoddingtonbw@theguardian.com,Polygender,5.6
430,Winny Spering,wsperingbx@accuweather.com,Genderqueer,3.5
431,Emilee Berrington,eberringtonby@wisc.edu,Non-binary,9.2
432,Muffin Welford,mwelfordbz@nba.com,Female,5.8
433,Brewer Konmann,bkonmannc0@statcounter.com,Male,3.2
434,Luciano Andreini,landreinic1@squarespace.com,Male,2.8
435,Devi Meadley,dmeadleyc2@symantec.com,Female,2.0
436,Pacorro MacNeil,pmacneilc3@about.me,Male,2.0
437,Gabi Laimable,glaimablec4@soup.io,Male,7.3
438,Ari Fruin,afruinc5@hatena.ne.jp,Male,8.2
439,Micky Mitchel,mmitchelc6@theglobeandmail.com,Agender,8.1
440,Seymour MacPeice,smacpeicec7@list-manage.com,Male,2.8
441,Esme Ravenscroft,eravenscroftc8@studiopress.com,Female,4.8
442,Monty Hagart,mhagartc9@posterous.com,Bigender,8.1
443,Ericka Jellyman,ejellymanca@omniture.com,Female,1.8
444,Lianne Ballantyne,lballantynecb@yellowpages.com,Female,7.3
445,Jeramie Glabach,jglabachcc@usda.gov,Male,4.8
446,Roger Chattock,rchattockcd@ocn.ne.jp,Bigender,4.3
447,Esmeralda Twelvetrees,etwelvetreesce@usa.gov,Female,6.6
448,Lucina Betancourt,lbetancourtcf@amazon.co.uk,Female,1.6
449,Waylon Thornewill,wthornewillcg@auda.org.au,Male,9.8
450,Ansley Highway,ahighwaych@simplemachines.org,Female,3.2
451,Maurise Eustis,meustisci@mit.edu,Genderqueer,3.0
452,Ashly Sandcroft,asandcroftcj@symantec.com,Female,5.6
453,Malorie Klausen,mklausenck@wordpress.org,Female,8.7
454,Trey Dorricott,tdorricottcl@youtu.be,Male,5.8
455,Jenine Kenwin,jkenwincm@youku.com,Female,9.3
456,Catherina Kunkler,ckunklercn@samsung.com,Female,7.9
457,Wald Mixworthy,wmixworthyco@sfgate.com,Male,2.2
458,Gus Finneran,gfinnerancp@epa.gov,Agender,9.8
459,Raffaello Goggins,rgogginscq@paginegialle.it,Male,7.2
460,Kilian Dey,kdeycr@cnbc.com,Male,10.0
461,Lezley Luckin,lluckincs@dailymotion.com,Bigender,1.6
462,Gardiner Shillabeare,gshillabearect@is.gd,Male,4.3
463,Jeffie Hellin,jhellincu@apple.com,Male,3.0
464,Elsy Bixley,ebixleycv@e-recht24.de,Female,6.3
465,Larina Poveleye,lpoveleyecw@soundcloud.com,Female,6.6
466,Pebrook Tebbutt,ptebbuttcx@weebly.com,Male,2.9
467,Ronna Peagram,rpeagramcy@china.com.cn,Female,1.5
468,Humphrey Atyeo,hatyeocz@census.gov,Male,6.6
469,Emelina Baggallay,ebaggallayd0@smugmug.com,Female,5.5
470,Osmond Mateescu,omateescud1@paginegialle.it,Male,9.4
471,Gilbertine Bengough,gbengoughd2@amazon.co.jp,Female,5.9
472,August Brunini,abruninid3@mozilla.org,Male,1.8
473,Enos Giamitti,egiamittid4@netvibes.com,Male,4.0
474,Natka Huglin,nhuglind5@google.co.jp,Female,4.8
475,Marlowe Miguet,mmiguetd6@instagram.com,Male,2.3
476,Livvie Pelfer,lpelferd7@mozilla.com,Female,5.6
477,Dacey Houldin,dhouldind8@csmonitor.com,Female,2.2
478,Waiter Waye,wwayed9@google.com.au,Male,1.3
479,Salvador Fanshawe,sfanshaweda@oracle.com,Male,6.1
480,Doloritas Fellos,dfellosdb@cam.ac.uk,Female,3.7
481,Derward Thorald,dthoralddc@addtoany.com,Polygender,2.1
482,Giacopo Gilcrist,ggilcristdd@cargocollective.com,Male,7.3
483,Maurene Bullier,mbullierde@blinklist.com,Female,1.2
484,Alanson Rippin,arippindf@is.gd,Male,6.3
485,Didi Maskew,dmaskewdg@wisc.edu,Female,8.2
486,Arman Eva,aevadh@skype.com,Male,9.1
487,Evangelina Vasechkin,evasechkindi@npr.org,Female,6.5
488,Forbes Pietri,fpietridj@sogou.com,Male,7.7
489,Rosa Schrieves,rschrievesdk@last.fm,Female,4.6
490,Gualterio Eldridge,geldridgedl@mlb.com,Male,9.3
491,Wally Slyford,wslyforddm@fc2.com,Female,6.5
492,Garry Tezure,gtezuredn@hatena.ne.jp,Male,8.8
493,Joanne Mitchell,jmitchelldo@sakura.ne.jp,Female,3.2
494,Mychal Laudham,mlaudhamdp@npr.org,Male,9.1
495,Erika Eard,eearddq@netvibes.com,Female,6.6
496,Clarisse Brunon,cbrunondr@google.cn,Female,7.5
497,Hasty Basden,hbasdends@mail.ru,Male,3.1
498,Joellyn O'Fallowne,jofallownedt@adobe.com,Female,9.3
499,Marcy Barrim,mbarrimdu@bbc.co.uk,Female,7.6
500,Jeana Edyson,jedysondv@webnode.com,Female,8.9
501,Roch Gethen,rgethendw@java.com,Female,2.7
502,Martelle Macvain,mmacvaindx@webnode.com,Female,9.2
503,Kimberley Bohling,kbohlingdy@51.la,Female,6.4
504,Tallie Jelliman,tjellimandz@odnoklassniki.ru,Male,9.9
505,Ardath Putley,aputleye0@ft.com,Female,5.9
506,Dyann Wenman,dwenmane1@google.nl,Female,6.7
507,L;urette Swaffer,lswaffere2@go.com,Female,4.6
508,Maje Ruggieri,mruggierie3@amazon.de,Male,7.5
509,Galen Sabey,gsabeye4@shinystat.com,Male,9.4
510,Hatti McCroft,hmccrofte5@godaddy.com,Female,1.2
511,Paxon Clulow,pclulowe6@newyorker.com,Male,6.8
512,Waverley Devey,wdeveye7@spotify.com,Male,6.6
513,Corrie Agneau,cagneaue8@cdbaby.com,Male,3.1
514,Cord Hixley,chixleye9@photobucket.com,Male,8.6
515,Pauli Lickess,plickessea@opensource.org,Female,2.2
516,Salomone Byford,sbyfordeb@springer.com,Male,8.1
517,Lorette Igoe,ligoeec@parallels.com,Female,8.4
518,Tiffi Longhorne,tlonghorneed@mapquest.com,Female,8.0
519,Vladimir Jolland,vjollandee@discuz.net,Male,7.6
520,Reggie Fifoot,rfifootef@vinaora.com,Female,7.9
521,Zora Blasl,zblasleg@nhs.uk,Female,1.3
522,Kirby Ellwell,kellwelleh@163.com,Female,4.0
523,Jerrold Georgius,jgeorgiusei@zdnet.com,Male,7.8
524,Davey Scartifield,dscartifieldej@jiathis.com,Male,7.7
525,Jeremy Grunnill,jgrunnillek@hibu.com,Male,2.2
526,Minnie Prover,mproverel@bbb.org,Female,5.5
527,Carie Ceely,cceelyem@ustream.tv,Female,5.0
528,Charmine Bettaney,cbettaneyen@pagesperso-orange.fr,Female,1.3
529,Mandie Tuft,mtufteo@forbes.com,Agender,1.2
530,Bea Neames,bneamesep@elegantthemes.com,Female,9.1
531,Joshua Ragless,jraglesseq@reddit.com,Agender,5.6
532,Lindi Gillibrand,lgillibrander@netvibes.com,Female,3.2
533,Marcille Gohier,mgohieres@mit.edu,Female,6.0
534,Harbert Scemp,hscempet@jalbum.net,Male,2.5
535,Marty Fielder,mfieldereu@sourceforge.net,Female,6.6
536,Teador Baggaley,tbaggaleyev@hexun.com,Male,6.2
537,Decca Comfort,dcomfortew@elegantthemes.com,Polygender,6.9
538,Carrol Nussen,cnussenex@jalbum.net,Male,8.5
539,Mercedes Gonsalvez,mgonsalvezey@t-online.de,Female,9.3
540,Marinna Lanbertoni,mlanbertoniez@smh.com.au,Female,7.5
541,Tamas Greensmith,tgreensmithf0@theguardian.com,Male,3.4
542,Amabel Karlsen,akarlsenf1@histats.com,Female,5.6
543,Willey Moriarty,wmoriartyf2@google.com,Male,6.1
544,Brigham Inott,binottf3@jimdo.com,Agender,9.7
545,Diana Ortmann,dortmannf4@nyu.edu,Female,7.8
546,Silvester Forestel,sforestelf5@oakley.com,Male,2.7
547,Georgeanne Colum,gcolumf6@stumbleupon.com,Female,4.6
548,Meggi Bockett,mbockettf7@ocn.ne.jp,Polygender,8.8
549,Reynolds Martinek,rmartinekf8@google.es,Male,4.0
550,Alfie Jolliss,ajollissf9@usda.gov,Female,6.2
551,Gwen Tildesley,gtildesleyfa@marketwatch.com,Female,4.5
552,Chas Hartle,chartlefb@vimeo.com,Male,3.8
553,Web Foskin,wfoskinfc@com.com,Male,6.3
554,Skipper Hurlston,shurlstonfd@furl.net,Male,7.8
555,Reilly Girardoni,rgirardonife@istockphoto.com,Polygender,8.7
556,Dorolice Allcoat,dallcoatff@g.co,Female,3.8
557,Woody Spadotto,wspadottofg@msu.edu,Male,9.2
558,Marten Nibley,mnibleyfh@google.fr,Male,1.6
559,Donelle Crossan,dcrossanfi@independent.co.uk,Female,6.7
560,Darrin McQuilliam,dmcquilliamfj@blogs.com,Male,6.7
561,Francene Orys,forysfk@hexun.com,Female,9.2
562,Sheena Wear,swearfl@bizjournals.com,Non-binary,2.9
563,Gaston Landman,glandmanfm@archive.org,Male,5.5
564,Roldan Braim,rbraimfn@nydailynews.com,Male,7.1
565,Fabio Bockh,fbockhfo@icq.com,Male,7.1
566,Elene Littlefair,elittlefairfp@paypal.com,Female,4.5
567,Eleanor Natalie,enataliefq@baidu.com,Female,9.3
568,Kerwinn Vant,kvantfr@nyu.edu,Agender,5.8
569,Eugine Dedney,ededneyfs@pen.io,Female,4.0
570,Anabelle Dowtry,adowtryft@kickstarter.com,Female,2.2
571,Ginny Eastway,geastwayfu@soup.io,Female,1.8
572,Annis Sellstrom,asellstromfv@livejournal.com,Female,4.5
573,Lauren Midlane,lmidlanefw@pbs.org,Male,3.1
574,Emmit Dillestone,edillestonefx@un.org,Male,3.7
575,Durant Aslam,daslamfy@phoca.cz,Male,3.4
576,Marie-ann Attenbarrow,mattenbarrowfz@about.com,Female,9.2
577,Jacquenette Mulder,jmulderg0@privacy.gov.au,Female,3.6
578,Jorie Thursby,jthursbyg1@wp.com,Female,8.1
579,Clevie Server,cserverg2@multiply.com,Male,7.9
580,Cindee Nisuis,cnisuisg3@elegantthemes.com,Female,9.2
581,Levon Bowling,lbowlingg4@vk.com,Male,3.9
582,Austine Domenico,adomenicog5@slate.com,Female,6.3
583,Sal Hlavecek,shlavecekg6@guardian.co.uk,Female,1.6
584,Brunhilda McQuillen,bmcquilleng7@statcounter.com,Female,9.5
585,Bonnie Luney,bluneyg8@eventbrite.com,Female,9.6
586,Meggie Nelle,mnelleg9@cornell.edu,Female,9.9
587,Wat Frobisher,wfrobisherga@soundcloud.com,Male,9.2
588,Marti Eschalette,meschalettegb@pbs.org,Female,5.8
589,Christopher Michie,cmichiegc@meetup.com,Male,8.9
590,Enrika Twohig,etwohiggd@nifty.com,Female,1.7
591,Twila Jozsika,tjozsikage@photobucket.com,Female,5.4
592,Ardenia Meryett,ameryettgf@cam.ac.uk,Female,1.9
593,Sigismundo Kermannes,skermannesgg@hp.com,Male,1.3
594,Enrika Davidsohn,edavidsohngh@wordpress.com,Female,2.9
595,Rriocard Billsberry,rbillsberrygi@nih.gov,Male,7.3
596,Colin Piscopiello,cpiscopiellogj@bloglovin.com,Male,2.7
597,Reggie Suff,rsuffgk@issuu.com,Male,8.4
598,Mathe Cords,mcordsgl@rambler.ru,Male,9.4
599,Candra Tandey,ctandeygm@meetup.com,Female,9.5
600,Devina Faas,dfaasgn@360.cn,Female,8.1
601,Giacomo Grissett,ggrissettgo@google.com.hk,Male,1.3
602,Laural Scolli,lscolligp@facebook.com,Female,9.6
603,Chery Normansell,cnormansellgq@google.co.uk,Female,2.7
604,Goldi Shouler,gshoulergr@npr.org,Female,5.7
605,Gris Levane,glevanegs@yolasite.com,Polygender,2.2
606,Clement Tuhy,ctuhygt@redcross.org,Male,1.5
607,Claiborn MacGillicuddy,cmacgillicuddygu@fc2.com,Male,6.0
608,Olin Kryzhov,okryzhovgv@skype.com,Male,7.3
609,Felicity MacConchie,fmacconchiegw@twitter.com,Female,9.1
610,Dode Jezard,djezardgx@shutterfly.com,Female,4.1
611,Barr Maith,bmaithgy@wikipedia.org,Genderqueer,8.9
612,Mischa Burdess,mburdessgz@tmall.com,Male,9.5
613,Arline Spalton,aspaltonh0@fastcompany.com,Female,2.3
614,Aldridge Collabine,acollabineh1@youku.com,Male,9.5
615,Bartram Pottage,bpottageh2@java.com,Male,6.8
616,Abbey Cowdery,acowderyh3@berkeley.edu,Genderfluid,4.1
617,Basilio Aberkirdo,baberkirdoh4@globo.com,Male,4.2
618,Bobbette Castanone,bcastanoneh5@wired.com,Female,3.9
619,Robbin Wynn,rwynnh6@berkeley.edu,Female,3.5
620,Devin Shankle,dshankleh7@fema.gov,Female,1.2
621,Erwin Oliffe,eoliffeh8@nbcnews.com,Agender,7.7
622,Jacquenetta Kinrade,jkinradeh9@biglobe.ne.jp,Non-binary,5.3
623,Glori Gabbitus,ggabbitusha@t-online.de,Female,7.2
624,Claiborne Verbruggen,cverbruggenhb@sciencedaily.com,Agender,2.4
625,Gaspar Sackes,gsackeshc@creativecommons.org,Male,1.5
626,Levin Sommerville,lsommervillehd@yelp.com,Non-binary,4.7
627,Tucky Mollnar,tmollnarhe@xinhuanet.com,Male,1.3
628,Korney Drage,kdragehf@buzzfeed.com,Female,3.3
629,Cyndi Messitt,cmessitthg@multiply.com,Female,2.9
630,Charles Whybray,cwhybrayhh@jiathis.com,Male,9.2
631,Ilyse Braysher,ibraysherhi@sbwire.com,Female,6.2
632,Yetta Wookey,ywookeyhj@chronoengine.com,Polygender,2.0
633,Giulio Loader,gloaderhk@com.com,Male,8.5
634,Danica Gerrels,dgerrelshl@senate.gov,Female,3.5
635,Martino Broodes,mbroodeshm@mysql.com,Male,7.0
636,Arlette Romanetti,aromanettihn@salon.com,Female,7.2
637,Robbie Alderwick,ralderwickho@g.co,Male,1.3
638,Sam Ash,sashhp@xing.com,Male,9.3
639,Ruthe Alcide,ralcidehq@state.tx.us,Female,7.4
640,Harold Swain,hswainhr@hhs.gov,Male,9.7
641,Afton Neeves,aneeveshs@rediff.com,Female,2.3
642,Harland Fernao,hfernaoht@nhs.uk,Male,2.9
643,Selma Boam,sboamhu@loc.gov,Female,3.9
644,Raf Ponting,rpontinghv@paginegialle.it,Non-binary,9.0
645,Domeniga Dirr,ddirrhw@github.io,Female,9.1
646,Ruby Bane,rbanehx@sogou.com,Male,2.0
647,Arri Klaiser,aklaiserhy@upenn.edu,Male,2.7
648,Layton Kryzhov,lkryzhovhz@flavors.me,Male,7.1
649,Marguerite Laughnan,mlaughnani0@mac.com,Female,2.6
650,Eddie Blasik,eblasiki1@salon.com,Female,3.4
651,Nico Olenichev,nolenichevi2@springer.com,Male,1.2
652,Shirlene Spenton,sspentoni3@multiply.com,Female,7.0
653,Alphard Ashborne,aashbornei4@va.gov,Male,6.3
654,Davida Vaudre,dvaudrei5@dailymail.co.uk,Female,9.9
655,Gerladina Winser,gwinseri6@nifty.com,Female,3.9
656,Martie Lunam,mlunami7@bizjournals.com,Male,5.2
657,Roscoe Sillwood,rsillwoodi8@studiopress.com,Male,3.2
658,Tatiana Casterton,tcastertoni9@google.it,Female,4.7
659,Tiffanie Swindlehurst,tswindlehurstia@etsy.com,Female,1.4
660,Barrie Robet,brobetib@live.com,Female,6.5
661,Gaylor Ferrulli,gferrulliic@devhub.com,Male,8.4
662,Jobi Rotherham,jrotherhamid@sitemeter.com,Female,2.9
663,Padraig Boards,pboardsie@arizona.edu,Male,1.1
664,Agnella Aylmer,aaylmerif@github.com,Female,4.3
665,Donny Vasyaev,dvasyaevig@studiopress.com,Male,4.2
666,Lemmie Ison,lisonih@altervista.org,Male,1.2
667,Rosanna Blackburn,rblackburnii@ycombinator.com,Female,7.9
668,Marysa Brenard,mbrenardij@techcrunch.com,Female,2.1
669,Godwin Haggleton,ghaggletonik@rakuten.co.jp,Bigender,5.6
670,Edita Peever,epeeveril@free.fr,Female,5.9
671,Dorelle Thicking,dthickingim@ebay.co.uk,Female,9.8
672,Adi Buist,abuistin@tinypic.com,Female,6.9
673,Dorella Brownill,dbrownillio@imdb.com,Polygender,4.7
674,Chad Tomkies,ctomkiesip@slideshare.net,Male,8.9
675,Jedd Bossingham,jbossinghamiq@friendfeed.com,Male,3.8
676,Hurleigh Brim,hbrimir@irs.gov,Male,9.5
677,Codi Lenchenko,clenchenkois@google.de,Female,8.5
678,Chandra Arrundale,carrundaleit@g.co,Female,3.7
679,Stesha Elgy,selgyiu@smh.com.au,Female,9.6
680,Tonya Wilding,twildingiv@tamu.edu,Female,9.4
681,Miran Buske,mbuskeiw@time.com,Female,4.2
682,Jule Laban,jlabanix@google.co.jp,Male,2.4
683,Der Oslar,doslariy@e-recht24.de,Male,6.7
684,Garnet Demead,gdemeadiz@samsung.com,Female,2.6
685,Swen Rawe,srawej0@histats.com,Male,9.7
686,Frederick Durston,fdurstonj1@nature.com,Male,4.5
687,Cesare Bragge,cbraggej2@google.ca,Male,8.9
688,Abbie Dilrew,adilrewj3@ftc.gov,Male,8.5
689,Maggi Morfield,mmorfieldj4@va.gov,Female,3.6
690,Jody Janaway,jjanawayj5@google.it,Female,9.8
691,Royall Turl,rturlj6@dell.com,Male,2.6
692,Johna Jakab,jjakabj7@wix.com,Female,4.5
693,Emelita Gibbieson,egibbiesonj8@dropbox.com,Female,6.8
694,Mufinella Jacklings,mjacklingsj9@deviantart.com,Female,5.9
695,Alfonse Giblett,agiblettja@disqus.com,Male,4.7
696,Denys Vasichev,dvasichevjb@oakley.com,Male,7.7
697,Wally Crut,wcrutjc@aol.com,Male,6.0
698,Bart Golder,bgolderjd@geocities.jp,Male,7.0
699,Erina Trigwell,etrigwellje@livejournal.com,Female,6.6
700,Osbourn Pietraszek,opietraszekjf@dyndns.org,Male,2.6
701,Bobby Breston,bbrestonjg@cbc.ca,Male,5.0
702,Lissa Picton,lpictonjh@kickstarter.com,Female,9.6
703,Stearn Riglar,sriglarji@thetimes.co.uk,Male,5.4
704,Olivia Pagel,opageljj@cafepress.com,Female,5.2
705,Kaia Leftridge,kleftridgejk@topsy.com,Female,9.6
706,Ricki Beernt,rbeerntjl@angelfire.com,Female,7.0
707,Lemmie Tullot,ltullotjm@blogtalkradio.com,Male,8.8
708,Brennen Codeman,bcodemanjn@constantcontact.com,Male,5.4
709,Brunhilde Fleis,bfleisjo@mozilla.com,Female,9.7
710,Howie Martschke,hmartschkejp@webs.com,Male,1.7
711,Andreana Whitelaw,awhitelawjq@xing.com,Female,2.2
712,Dimitri Escudier,descudierjr@jigsy.com,Male,2.8
713,Lambert Fruen,lfruenjs@mapquest.com,Male,2.4
714,Bernete Renfree,brenfreejt@squarespace.com,Female,4.1
715,Emmie Antcliff,eantcliffju@upenn.edu,Female,2.4
716,Justen Troppmann,jtroppmannjv@xing.com,Male,8.4
717,Pattie de Clerc,pdejw@wufoo.com,Male,6.2
718,Horacio Sedwick,hsedwickjx@wikimedia.org,Male,6.9
719,Locke Siely,lsielyjy@seattletimes.com,Male,3.4
720,Bradney Veillard,bveillardjz@networkadvertising.org,Male,5.2
721,Patricia Alastair,palastairk0@youtube.com,Female,9.5
722,Zane MacClay,zmacclayk1@godaddy.com,Male,3.0
723,Davide Alejo,dalejok2@rediff.com,Male,6.1
724,Bard Gammage,bgammagek3@bizjournals.com,Male,7.2
725,Vaughn Dilgarno,vdilgarnok4@sakura.ne.jp,Male,2.6
726,Sara-ann Ever,severk5@nationalgeographic.com,Female,7.8
727,Shari Huckle,shucklek6@mac.com,Female,2.0
728,Cart Yoseloff,cyoseloffk7@twitpic.com,Male,9.3
729,Saundra Fryatt,sfryattk8@ted.com,Female,8.7
730,Urbano Stearns,ustearnsk9@shareasale.com,Male,2.3
731,Burl Dryburgh,bdryburghka@yandex.ru,Male,8.7
732,Phyllida Grasser,pgrasserkb@mapy.cz,Female,5.8
733,Sherwin Abotson,sabotsonkc@lulu.com,Male,5.3
734,Electra Pecht,epechtkd@rediff.com,Female,6.4
735,Deanne Carabet,dcarabetke@businessinsider.com,Female,5.8
736,Wanda Mill,wmillkf@vkontakte.ru,Female,4.4
737,Stefanie Stihl,sstihlkg@amazon.com,Female,6.7
738,Blaire Kennelly,bkennellykh@smh.com.au,Female,4.6
739,Tamarah Mordey,tmordeyki@github.com,Female,2.5
740,Pegeen Banner,pbannerkj@themeforest.net,Female,7.3
741,Sharyl Waddingham,swaddinghamkk@gmpg.org,Female,2.6
742,Darius Lifton,dliftonkl@prlog.org,Male,2.9
743,Egon Gude,egudekm@bbc.co.uk,Male,7.6
744,Grantham Renouf,grenoufkn@harvard.edu,Male,8.4
745,Rina Moakes,rmoakesko@bizjournals.com,Non-binary,3.1
746,Zacherie Tysack,ztysackkp@zimbio.com,Male,7.9
747,Ogdon Soden,osodenkq@livejournal.com,Male,4.6
748,Ricky Dugood,rdugoodkr@smugmug.com,Female,8.7
749,Vladamir Dilks,vdilksks@illinois.edu,Male,1.2
750,Augustin Dickie,adickiekt@macromedia.com,Male,9.2
751,Craig Corteney,ccorteneyku@spotify.com,Male,4.2
752,Lela Bownas,lbownaskv@themeforest.net,Female,8.5
753,Fonsie Abels,fabelskw@oracle.com,Male,8.2
754,Opal Conklin,oconklinkx@mapy.cz,Female,3.8
755,Debee Whiley,dwhileyky@weather.com,Female,2.3
756,Margaretha Manklow,mmanklowkz@hatena.ne.jp,Female,8.3
757,Antonina Costa,acostal0@free.fr,Female,1.1
758,Marilyn Keemar,mkeemarl1@behance.net,Female,9.9
759,Ros Deedes,rdeedesl2@bigcartel.com,Female,4.4
760,Kaiser Crevagh,kcrevaghl3@engadget.com,Male,8.8
761,Marie-ann Farfull,mfarfulll4@artisteer.com,Female,9.0
762,Janka De la Feld,jdel5@mozilla.org,Female,8.8
763,Kimmie Mussolini,kmussolinil6@simplemachines.org,Female,9.9
764,Brook Eseler,beselerl7@domainmarket.com,Male,3.7
765,Jamill Blezard,jblezardl8@flickr.com,Male,6.0
766,Minny Gillooly,mgilloolyl9@comcast.net,Female,1.2
767,Joshuah Olanda,jolandala@businesswire.com,Male,3.9
768,Horace Zoppo,hzoppolb@artisteer.com,Male,8.1
769,Allie Mussington,amussingtonlc@disqus.com,Male,7.0
770,Shirline Le Houx,sleld@yandex.ru,Genderfluid,4.6
771,Constantine Gapp,cgapple@pbs.org,Male,8.3
772,Eb Wattam,ewattamlf@cafepress.com,Male,9.7
773,Berti Vigers,bvigerslg@reddit.com,Non-binary,6.7
774,Ros Goward,rgowardlh@uol.com.br,Female,3.9
775,Allsun Huttley,ahuttleyli@bloomberg.com,Female,3.6
776,Jaquenetta Wheelton,jwheeltonlj@google.com.br,Female,6.1
777,Loren Brightie,lbrightielk@webmd.com,Polygender,1.8
778,Gerry Brunnen,gbrunnenll@senate.gov,Female,4.3
779,Fonz Norssister,fnorssisterlm@ocn.ne.jp,Male,5.2
780,Walker Connochie,wconnochieln@ucoz.com,Male,4.3
781,Marika Stathor,mstathorlo@cbslocal.com,Female,8.5
782,Bengt Fancett,bfancettlp@ft.com,Male,2.0
783,Lexie Steptow,lsteptowlq@washingtonpost.com,Female,3.2
784,Steffen Panketh,spankethlr@sciencedirect.com,Male,4.7
785,Federica Hinksen,fhinksenls@clickbank.net,Female,7.6
786,Cristobal MacKenzie,cmackenzielt@facebook.com,Male,7.8
787,Adrian Nazareth,anazarethlu@patch.com,Non-binary,3.4
788,Elysee Kemble,ekemblelv@rediff.com,Female,5.1
789,Tami Goodbourn,tgoodbournlw@walmart.com,Female,2.8
790,Colet Killby,ckillbylx@tiny.cc,Male,6.7
791,Jennica Palombi,jpalombily@tumblr.com,Female,3.8
792,Art Bernat,abernatlz@jalbum.net,Male,10.0
793,Alena Abramino,aabraminom0@elpais.com,Female,4.0
794,Shayne Hollow,shollowm1@ft.com,Male,1.0
795,Gabbey Chant,gchantm2@mac.com,Female,5.9
796,Rad Rourke,rrourkem3@youtu.be,Male,1.7
797,Woodie Pele,wpelem4@about.com,Male,7.9
798,Teddie Crush,tcrushm5@si.edu,Genderqueer,6.0
799,Alethea Sarfass,asarfassm6@hp.com,Genderfluid,3.6
800,Angelique Dugdale,adugdalem7@godaddy.com,Female,9.3
801,Obadias MacRory,omacrorym8@salon.com,Male,8.7
802,Hewet Cancellieri,hcancellierim9@vk.com,Male,9.0
803,Renard Faulkener,rfaulkenerma@npr.org,Male,6.3
804,Nicky Elsie,nelsiemb@ucla.edu,Female,2.0
805,Mufinella Inch,minchmc@goo.gl,Female,9.7
806,Ash Burchell,aburchellmd@surveymonkey.com,Male,1.7
807,Emeline Abilowitz,eabilowitzme@vkontakte.ru,Female,9.5
808,Max Farlam,mfarlammf@latimes.com,Male,5.4
809,Guglielma Harewood,gharewoodmg@miitbeian.gov.cn,Female,4.3
810,Pasquale Martina,pmartinamh@accuweather.com,Male,6.5
811,Andriette Andrzej,aandrzejmi@nytimes.com,Female,9.2
812,Scott Diamant,sdiamantmj@discovery.com,Male,4.8
813,Ardyce Banaszczyk,abanaszczykmk@artisteer.com,Female,3.1
814,Adriana Linnane,alinnaneml@angelfire.com,Female,7.7
815,Linnet Belt,lbeltmm@technorati.com,Female,5.4
816,Jerrie Iddons,jiddonsmn@angelfire.com,Female,6.5
817,Sybilla Bastiman,sbastimanmo@reference.com,Female,8.8
818,Gardner Ovett,govettmp@princeton.edu,Male,1.3
819,Alberto Bucktharp,abucktharpmq@webnode.com,Male,1.4
820,Dorie Cribbott,dcribbottmr@seesaa.net,Bigender,7.4
821,Wallie Gerrell,wgerrellms@hud.gov,Male,8.6
822,Nyssa Seel,nseelmt@bigcartel.com,Female,6.3
823,Quintina Tiltman,qtiltmanmu@nifty.com,Female,9.4
824,Collete Dener,cdenermv@ezinearticles.com,Female,7.7
825,Finn Comberbach,fcomberbachmw@answers.com,Male,4.0
826,Angelika Choppin,achoppinmx@delicious.com,Genderfluid,7.1
827,Olin Durran,odurranmy@paypal.com,Male,5.8
828,Ashby Downage,adownagemz@deviantart.com,Male,2.3
829,Malia Lowde,mlowden0@bizjournals.com,Genderfluid,5.3
830,Fenelia Carey,fcareyn1@newyorker.com,Female,8.2
831,Sacha Setchell,ssetchelln2@arstechnica.com,Non-binary,7.8
832,Jason Jiruca,jjirucan3@biglobe.ne.jp,Male,4.2
833,Adolphus Kalinke,akalinken4@seesaa.net,Male,4.1
834,Reg Kiehnlt,rkiehnltn5@un.org,Agender,6.1
835,Sheeree Betancourt,sbetancourtn6@npr.org,Female,2.3
836,Cass McOmish,cmcomishn7@rakuten.co.jp,Female,2.4
837,Katherina Lackeye,klackeyen8@fotki.com,Female,7.1
838,Saudra Jocelyn,sjocelynn9@msu.edu,Female,6.6
839,Joseito Connal,jconnalna@usnews.com,Male,7.3
840,Stewart Davidzon,sdavidzonnb@phoca.cz,Male,2.6
841,Killy Climar,kclimarnc@fotki.com,Male,6.8
842,Shannon Korb,skorbnd@histats.com,Male,2.6
843,Gay Deval,gdevalne@flickr.com,Male,1.4
844,Felisha Meriot,fmeriotnf@cmu.edu,Female,2.9
845,Jeffie Arens,jarensng@tripod.com,Male,1.0
846,Nigel Laurisch,nlaurischnh@apple.com,Male,3.6
847,Harv Van der Spohr,hvanni@wikimedia.org,Male,7.9
848,Dar Linck,dlincknj@chicagotribune.com,Polygender,7.4
849,Malina Gumey,mgumeynk@parallels.com,Female,9.1
850,Clo Cottey,ccotteynl@foxnews.com,Female,10.0
851,Vannie Gotcher,vgotchernm@imageshack.us,Female,5.7
852,Annabela Akers,aakersnn@fotki.com,Genderfluid,2.4
853,Waly Trippitt,wtrippittno@washingtonpost.com,Female,9.0
854,Lanae Seligson,lseligsonnp@scientificamerican.com,Female,5.7
855,Jeniffer Decort,jdecortnq@google.co.uk,Female,9.5
856,Justinian Loren,jlorennr@posterous.com,Male,3.1
857,Juieta di Rocca,jdins@si.edu,Female,1.7
858,Clemmy Rayburn,crayburnnt@usgs.gov,Female,8.9
859,Andy O'Meara,aomearanu@alibaba.com,Male,9.2
860,Jamal Rablin,jrablinnv@gov.uk,Male,8.3
861,Mikey Killbey,mkillbeynw@geocities.com,Male,9.8
862,Gwennie MacLeod,gmacleodnx@newsvine.com,Female,9.2
863,Tabbitha Sackett,tsackettny@lulu.com,Female,4.8
864,Benita Bayliss,bbaylissnz@gizmodo.com,Female,4.5
865,Spense Spilling,sspillingo0@europa.eu,Bigender,8.5
866,Bing Gisburn,bgisburno1@pinterest.com,Male,3.9
867,Shirley Saull,ssaullo2@seesaa.net,Female,8.1
868,Roseanna Beedie,rbeedieo3@oakley.com,Female,5.1
869,Sophey Ablitt,sablitto4@dot.gov,Female,5.2
870,Bo Braganza,bbraganzao5@posterous.com,Male,2.8
871,Agosto Crisell,acrisello6@wikimedia.org,Genderqueer,3.2
872,Rosette Sorton,rsortono7@google.fr,Female,2.0
873,Bernardine Twiddell,btwiddello8@rediff.com,Female,4.6
874,Eddy Lidgertwood,elidgertwoodo9@creativecommons.org,Female,8.7
875,Kirbie Hands,khandsoa@360.cn,Female,9.9
876,Georgie Trye,gtryeob@hp.com,Female,2.4
877,Claudelle Carruth,ccarruthoc@nature.com,Female,3.8
878,Beltran Raffles,brafflesod@hc360.com,Male,3.6
879,Thornton Aleksidze,taleksidzeoe@who.int,Male,9.5
880,Olia Garnul,ogarnulof@harvard.edu,Female,5.6
881,Marni Kingsman,mkingsmanog@lulu.com,Female,6.2
882,Rene Reston,rrestonoh@comsenz.com,Male,4.1
883,Enos Waadenburg,ewaadenburgoi@nasa.gov,Male,8.4
884,Harriett Whewell,hwhewelloj@infoseek.co.jp,Female,8.7
885,Cort Serfati,cserfatiok@yellowbook.com,Male,4.9
886,Peta Sander,psanderol@arizona.edu,Non-binary,6.1
887,Deena Keedwell,dkeedwellom@princeton.edu,Female,1.8
888,Niles Wahlberg,nwahlbergon@sogou.com,Male,2.6
889,Pete Gonnet,pgonnetoo@umn.edu,Male,8.3
890,Cesaro Jaffra,cjaffraop@canalblog.com,Male,1.3
891,Gherardo Lipscombe,glipscombeoq@feedburner.com,Male,2.7
892,Bobbe Laurenty,blaurentyor@tuttocitta.it,Female,3.8
893,Anson Humble,ahumbleos@surveymonkey.com,Male,4.5
894,Cordey Gentzsch,cgentzschot@addthis.com,Female,10.0
895,Lucy Paaso,lpaasoou@msn.com,Female,5.4
896,Jennilee Duxfield,jduxfieldov@usnews.com,Female,2.2
897,Nicki Guys,nguysow@go.com,Female,8.2
898,Gail Neiland,gneilandox@cam.ac.uk,Female,4.7
899,Libby Ilett,lilettoy@cdc.gov,Female,3.9
900,Kingston Errey,kerreyoz@auda.org.au,Male,2.0
901,Bella Tieman,btiemanp0@icio.us,Female,6.5
902,Mendy Duffield,mduffieldp1@go.com,Genderqueer,2.3
903,Rouvin Foulstone,rfoulstonep2@1688.com,Male,3.0
904,Chaddy Fowlston,cfowlstonp3@home.pl,Male,9.9
905,Sayre Hubbock,shubbockp4@freewebs.com,Male,7.1
906,Trent Tasseler,ttasselerp5@youku.com,Male,3.4
907,Rhianna Jaszczak,rjaszczakp6@ycombinator.com,Female,9.2
908,Hammad Cogle,hcoglep7@dagondesign.com,Male,8.8
909,Inesita Brandom,ibrandomp8@sitemeter.com,Female,6.5
910,Harrie Hewlings,hhewlingsp9@indiatimes.com,Female,1.7
911,Andre Gerhold,agerholdpa@flavors.me,Male,4.2
912,Mignonne Watt,mwattpb@rakuten.co.jp,Female,1.0
913,Brittne Pellatt,bpellattpc@ftc.gov,Female,7.2
914,Gilda Talloe,gtalloepd@infoseek.co.jp,Female,4.1
915,Leontine Stedall,lstedallpe@tinypic.com,Female,4.4
916,Maiga Kilty,mkiltypf@businessinsider.com,Female,2.3
917,Gottfried Fretter,gfretterpg@smugmug.com,Male,1.4
918,Laina Mc Meekin,lmcph@a8.net,Female,4.6
919,Morly McGibbon,mmcgibbonpi@lulu.com,Male,7.3
920,Drew Carnall,dcarnallpj@nbcnews.com,Male,6.8
921,Gunar Hussey,ghusseypk@oaic.gov.au,Male,7.4
922,Felita Ragdale,fragdalepl@sphinn.com,Female,4.2
923,Dyan Cauley,dcauleypm@ow.ly,Female,7.5
924,Elmer Shafe,eshafepn@youku.com,Male,8.4
925,Hoebart Bugdell,hbugdellpo@google.it,Male,9.5
926,Sheba Humpherston,shumpherstonpp@meetup.com,Female,2.9
927,Coleen Millhill,cmillhillpq@chron.com,Bigender,3.3
928,Meg Batman,mbatmanpr@phoca.cz,Female,6.4
929,Zachery Oram,zoramps@ocn.ne.jp,Male,6.5
930,Amil Petch,apetchpt@loc.gov,Female,7.3
931,Joannes Asplin,jasplinpu@rakuten.co.jp,Agender,5.8
932,Olenka Vannuchi,ovannuchipv@instagram.com,Female,6.2
933,Josepha Abramsky,jabramskypw@pcworld.com,Female,4.2
934,Bernie Righy,brighypx@imdb.com,Female,5.3
935,Mufi Woodard,mwoodardpy@joomla.org,Female,2.1
936,Mel Tunnoch,mtunnochpz@howstuffworks.com,Female,3.8
937,Nathalie Kilgallen,nkilgallenq0@bravesites.com,Female,7.9
938,Richie Keeting,rkeetingq1@exblog.jp,Male,2.5
939,Nicolea Whifen,nwhifenq2@hostgator.com,Agender,5.2
940,Tye Druce,tdruceq3@admin.ch,Male,5.0
941,Baird McAne,bmcaneq4@themeforest.net,Male,1.9
942,Morena Veque,mvequeq5@usgs.gov,Female,2.6
943,Delmer Paraman,dparamanq6@soup.io,Polygender,6.5
944,Cinnamon Exer,cexerq7@rambler.ru,Female,8.0
945,Chad Sigart,csigartq8@indiegogo.com,Male,8.2
946,Hillary Kunze,hkunzeq9@goodreads.com,Male,9.6
947,Shandee Pritty,sprittyqa@tmall.com,Female,9.1
948,Sherm Haggerstone,shaggerstoneqb@walmart.com,Male,3.1
949,Tim Baudins,tbaudinsqc@usda.gov,Male,3.7
950,Stuart Joe,sjoeqd@merriam-webster.com,Male,6.3
951,Daune Molohan,dmolohanqe@thetimes.co.uk,Female,6.0
952,Bamby MacAne,bmacaneqf@smh.com.au,Female,6.6
953,Pansie Moughton,pmoughtonqg@infoseek.co.jp,Female,7.3
954,Chrissie Raund,craundqh@europa.eu,Male,7.7
955,Luce Meaking,lmeakingqi@flickr.com,Genderqueer,3.7
956,Dynah Keese,dkeeseqj@oaic.gov.au,Female,6.9
957,Timmi Gundrey,tgundreyqk@mapy.cz,Female,3.2
958,Godfree McTerlagh,gmcterlaghql@huffingtonpost.com,Male,4.4
959,Chan Davley,cdavleyqm@reddit.com,Bigender,8.5
960,Arlette Albrook,aalbrookqn@google.nl,Female,3.6
961,Dev Boyett,dboyettqo@yahoo.co.jp,Male,6.6
962,Lory Loud,lloudqp@google.co.jp,Female,5.4
963,Salvidor Burr,sburrqq@scientificamerican.com,Male,9.4
964,Sidoney Haydney,shaydneyqr@bigcartel.com,Female,4.3
965,Quill Fridaye,qfridayeqs@nydailynews.com,Male,4.4
966,Harcourt Auchinleck,hauchinleckqt@miitbeian.gov.cn,Male,2.9
967,Datha Cathcart,dcathcartqu@ow.ly,Female,6.6
968,Charmine Radbond,cradbondqv@diigo.com,Female,4.1
969,Olivier Shelbourne,oshelbourneqw@vistaprint.com,Male,1.9
970,Milena Collens,mcollensqx@list-manage.com,Female,6.5
971,Shae Coverly,scoverlyqy@sitemeter.com,Female,4.2
972,Ingra Tondeur,itondeurqz@boston.com,Male,7.9
973,Hi Franiak,hfraniakr0@gov.uk,Male,1.2
974,Maighdiln Liversley,mliversleyr1@squidoo.com,Female,2.8
975,Ashbey Minocchi,aminocchir2@berkeley.edu,Male,4.5
976,Kyle Balleine,kballeiner3@multiply.com,Non-binary,7.4
977,Herb Kimmings,hkimmingsr4@storify.com,Male,7.1
978,Corny Schollick,cschollickr5@geocities.com,Male,6.8
979,Payton Rheubottom,prheubottomr6@mozilla.org,Male,8.0
980,Itch Bampkin,ibampkinr7@nasa.gov,Male,9.6
981,Gretta Laughren,glaughrenr8@marketwatch.com,Female,5.6
982,Dorris Gallagher,dgallagherr9@nationalgeographic.com,Female,1.3
983,Corly MacFarlan,cmacfarlanra@nytimes.com,Female,2.3
984,Dion Oakland,doaklandrb@storify.com,Male,9.2
985,Laurianne Schukraft,lschukraftrc@acquirethisname.com,Female,8.5
986,Judi Inkster,jinksterrd@vimeo.com,Female,9.7
987,Kippar Rylance,krylancere@gmpg.org,Male,9.3
988,Joyce Preshaw,jpreshawrf@imdb.com,Female,5.0
989,Cash Babidge,cbabidgerg@geocities.com,Male,3.2
990,Milzie Raffan,mraffanrh@shareasale.com,Female,5.7
991,Harley Hollows,hhollowsri@youku.com,Female,7.2
992,Erny Laxtonne,elaxtonnerj@sbwire.com,Male,5.6
993,Deborah Wisniowski,dwisniowskirk@timesonline.co.uk,Female,6.0
994,Thornie Le Claire,tlerl@buzzfeed.com,Male,1.3
995,Denyse Reith,dreithrm@xinhuanet.com,Female,6.6
996,Colby Relton,creltonrn@hostgator.com,Male,4.7
997,Stephen Wernher,swernherro@ucsd.edu,Male,9.9
998,Elga Lindberg,elindbergrp@furl.net,Female,5.5
999,Catarina Lannin,clanninrq@wikipedia.org,Agender,6.0
1000,Rollo Batchelder,rbatchelderrr@scientificamerican.com,Male,4.5
